{
    "H": 6.83698582649231, 
    "B": 6.8935699462890625, 
    "L": 22.84600067138672, 
    "datas": [
        {
            "y": [
                3.201310268614053, 
                3.178154374980096, 
                3.154994627651572, 
                3.1318348803230496, 
                3.0935096244383598, 
                3.0245270642191295, 
                2.9555445039998993, 
                2.853380754023757, 
                2.1573408584694533, 
                0.0002259773808503951
            ], 
            "x": -0.99999, 
            "z": [
                -3.754023327102661, 
                -3.608466079466078, 
                -3.4629088318294947, 
                -3.3173515841929118, 
                -3.171794336556329, 
                -3.0262370889197454, 
                -2.8806798412831625, 
                -2.7351225936465795, 
                -2.589565346009996, 
                -2.444008098373413
            ]
        }, 
        {
            "y": [
                0.0029100901635743526, 
                3.154416003849729, 
                3.215097782697435, 
                3.2426806369342325, 
                3.2428614881184155, 
                3.243630325780268, 
                3.1984536034500017, 
                3.1100178032299297, 
                2.941689563816732, 
                0.0002547523933014162
            ], 
            "x": 0.20242108796772196, 
            "z": [
                -5.725069536437989, 
                -5.332961649330987, 
                -4.940853762223986, 
                -4.5487458751169845, 
                -4.156637988009983, 
                -3.7645301009029817, 
                -3.37242221379598, 
                -2.9803143266889784, 
                -2.588206439581977, 
                -2.1960985524749757
            ]
        }, 
        {
            "y": [
                0.0008191038678901919, 
                3.195224486302495, 
                3.259228433244309, 
                3.283041961570402, 
                3.2834144661252873, 
                3.2816853194187052, 
                3.2156084124283844, 
                3.1198023298216926, 
                2.942320109562573, 
                0.050034599427068116
            ], 
            "x": 1.404842175935444, 
            "z": [
                -5.748888029327393, 
                -5.319078800379436, 
                -4.889269571431479, 
                -4.459460342483521, 
                -4.0296511135355635, 
                -3.5998418845876063, 
                -3.1700326556396488, 
                -2.740223426691691, 
                -2.310414197743734, 
                -1.8806049687957764
            ]
        }, 
        {
            "y": [
                0.0005339545138145496, 
                3.270804616641592, 
                3.3226221918416288, 
                3.3206607471749567, 
                3.2326705767467185, 
                3.069847733271419, 
                0.27912302773719233, 
                0.21190551211240738, 
                0.1402367388700121, 
                0.0736653725111438
            ], 
            "x": 2.6072632639031657, 
            "z": [
                -5.772509111633301, 
                -5.059731474153731, 
                -4.34695383667416, 
                -3.6341761991945907, 
                -2.92139856171502, 
                -2.2086209242354498, 
                -1.4958432867558802, 
                -0.7830656492763097, 
                -0.07028801179673927, 
                0.6424896256828309
            ]
        }, 
        {
            "y": [
                0.00037710833288606693, 
                3.300849939606227, 
                3.3601420187559476, 
                3.353637198916715, 
                3.281598894178761, 
                3.160433897850404, 
                2.85084160357583, 
                0.3834024328352097, 
                0.24841924482548805, 
                0.11699328926436614
            ], 
            "x": 3.809684351870888, 
            "z": [
                -5.796056284179688, 
                -5.08664065993415, 
                -4.377225035688612, 
                -3.667809411443075, 
                -2.958393787197537, 
                -2.248978162951999, 
                -1.5395625387064618, 
                -0.8301469144609239, 
                -0.12073129021538609, 
                0.5886843340301514
            ]
        }, 
        {
            "y": [
                0.00032031626512818434, 
                3.326477636436514, 
                3.393912123456377, 
                3.393692743249799, 
                3.3212614044296513, 
                3.220107189700804, 
                3.057718171186531, 
                0.9969753899784326, 
                0.3128449271528684, 
                0.13333680791119384
            ], 
            "x": 5.01210543983861, 
            "z": [
                -5.819655431976319, 
                -5.113843027716743, 
                -4.408030623457167, 
                -3.7022182191975914, 
                -2.9964058149380155, 
                -2.2905934106784396, 
                -1.584781006418864, 
                -0.8789686021592882, 
                -0.17315619789971226, 
                0.5326562063598633
            ]
        }, 
        {
            "y": [
                0.00025732334823480585, 
                3.347849443183339, 
                3.421391024677413, 
                3.4181316028677546, 
                3.3558933464292435, 
                3.2612005534950175, 
                3.1586699210422333, 
                2.498784718417048, 
                0.3445633223985176, 
                0.12670576548919676
            ], 
            "x": 6.214526527806331, 
            "z": [
                -5.843379034271241, 
                -5.1412759628221725, 
                -4.439172891373104, 
                -3.737069819924037, 
                -3.034966748474969, 
                -2.332863677025901, 
                -1.6307606055768336, 
                -0.9286575341277654, 
                -0.22655446267869728, 
                0.4755486087703705
            ]
        }, 
        {
            "y": [
                0.00023116807935608108, 
                3.365000377187301, 
                3.4388118010303215, 
                3.4380504678422232, 
                3.3812087172836627, 
                3.2895124927771002, 
                3.195461340121213, 
                2.899767922835231, 
                0.32347583603100283, 
                0.10403985954760842
            ], 
            "x": 7.416947615774054, 
            "z": [
                -5.867198003997803, 
                -5.168755187557009, 
                -4.470312371116215, 
                -3.77186955467542, 
                -3.073426738234626, 
                -2.3749839217938318, 
                -1.6765411053530368, 
                -0.9780982889122427, 
                -0.2796554724714486, 
                0.4187873439693451
            ]
        }, 
        {
            "y": [
                0.00019890284531243196, 
                3.376945175554285, 
                3.4448841094006966, 
                3.442266100227175, 
                3.3905952978614424, 
                3.3010487361731116, 
                3.211241307724136, 
                2.961847492739354, 
                0.9388346881268657, 
                0.07305747367751536
            ], 
            "x": 8.619368703741776,